case,people,scene,index,layout_hash,arm,status,event,success,collision,timeout,penalty,nav_time,min_clearance,steps,stopped_steps,eligible_person_steps,visible_person_steps,total_person_steps,geometry_rejected,risk_permitted,actuator_violations,workspace_excursion_steps
8000003,5,circle_crossing,3,4c1e2083fe100ecc,MAP,ok,reach_goal,1,0,0,9.25,9.25,0.18225882516160297,37,0,55,112,163,13166,64285,0,0
8000003,5,circle_crossing,3,4c1e2083fe100ecc,IID,ok,reach_goal,1,0,0,9.25,9.25,0.16574483543245644,37,0,60,111,163,11479,63405,0,0
8000003,5,circle_crossing,3,4c1e2083fe100ecc,FULL,ok,reach_goal,1,0,0,9.25,9.25,0.16574483543245644,37,0,60,111,163,11473,63398,0,0
8000003,5,circle_crossing,3,4c1e2083fe100ecc,O,ok,reach_goal,1,0,0,9.5,9.5,0.13609177973352238,38,0,0,108,168,0,0,0,0
8000003,5,circle_crossing,3,4c1e2083fe100ecc,CV,ok,reach_goal,1,0,0,9.25,9.25,0.1745941568344911,37,0,57,110,163,12158,65040,0,0
8000003,5,circle_crossing,3,4c1e2083fe100ecc,TREE,ok,reach_goal,1,0,0,9.25,9.25,0.1349601481138677,37,0,56,109,163,12712,64555,0,0
8000000,5,circle_crossing,0,6ccec10313857ad3,O,ok,reach_goal,1,0,0,11.25,11.25,0.1166109836649355,45,0,0,144,203,0,0,0,0
8000000,5,circle_crossing,0,6ccec10313857ad3,CV,ok,reach_goal,1,0,0,10.75,10.75,0.13731811678675987,43,0,95,140,193,7590,58695,0,0
8000000,5,circle_crossing,0,6ccec10313857ad3,TREE,ok,reach_goal,1,0,0,10.5,10.5,0.148719661565462,42,0,85,137,188,6892,55269,0,0
8000000,5,circle_crossing,0,6ccec10313857ad3,MAP,ok,reach_goal,1,0,0,10.75,10.75,0.13651213654483518,43,0,88,137,193,7442,56945,0,0
8000000,5,circle_crossing,0,6ccec10313857ad3,IID,ok,reach_goal,1,0,0,11.0,11.0,0.12870624867169245,44,0,96,138,198,7549,55556,0,0
8000000,5,circle_crossing,0,6ccec10313857ad3,FULL,ok,reach_goal,1,0,0,10.5,10.5,0.15777344724782338,42,0,92,138,188,6883,57540,0,0
8000002,5,circle_crossing,2,22662826e01f8bd5,TREE,ok,reach_goal,1,0,0,13.25,13.25,0.1482060435506224,53,0,124,182,254,14457,79909,0,0
8000002,5,circle_crossing,2,22662826e01f8bd5,MAP,ok,reach_goal,1,0,0,9.25,9.25,0.13187614073197096,37,0,98,151,174,10903,64870,0,0
8000002,5,circle_crossing,2,22662826e01f8bd5,IID,ok,reach_goal,1,0,0,10.5,10.5,0.07547142096703208,42,0,128,170,199,15272,67391,0,0
8000002,5,circle_crossing,2,22662826e01f8bd5,FULL,ok,reach_goal,1,0,0,9.25,9.25,0.17828590083203422,37,0,101,150,174,10823,64326,0,0
8000002,5,circle_crossing,2,22662826e01f8bd5,O,ok,reach_goal,1,0,0,9.25,9.25,0.1758274183741394,37,0,0,149,174,0,0,0,0
8000002,5,circle_crossing,2,22662826e01f8bd5,CV,ok,reach_goal,1,0,0,10.5,10.5,0.05059814109437211,42,0,120,173,199,15209,66176,0,0
8000001,5,circle_crossing,1,862ae15f49b42f0b,CV,ok,reach_goal,1,0,0,10.25,10.25,0.14290718915899092,41,0,103,157,192,9791,57269,0,0
8000001,5,circle_crossing,1,862ae15f49b42f0b,TREE,ok,reach_goal,1,0,0,10.5,10.5,0.21198091697712917,42,0,98,151,196,9664,61351,0,0
8000001,5,circle_crossing,1,862ae15f49b42f0b,MAP,ok,reach_goal,1,0,0,10.5,10.5,0.17402919698546682,42,0,105,154,197,7007,57857,0,0
8000001,5,circle_crossing,1,862ae15f49b42f0b,IID,ok,reach_goal,1,0,0,10.25,10.25,0.20436790766732993,41,0,108,155,192,6227,56439,0,0
8000001,5,circle_crossing,1,862ae15f49b42f0b,FULL,ok,reach_goal,1,0,0,10.5,10.5,0.21668760837190193,42,0,110,158,197,6125,57904,0,0
8000001,5,circle_crossing,1,862ae15f49b42f0b,O,ok,reach_goal,1,0,0,10.25,10.25,0.1401076278989385,41,0,0,151,192,0,0,0,0
8000004,5,circle_crossing,4,19d900a3d68b115f,IID,ok,reach_goal,1,0,0,10.75,10.75,0.14778039062448955,43,0,119,165,203,4509,55591,0,0
8000004,5,circle_crossing,4,19d900a3d68b115f,FULL,ok,reach_goal,1,0,0,10.75,10.75,0.14481084154874868,43,0,114,166,204,6937,55445,0,0
8000004,5,circle_crossing,4,19d900a3d68b115f,O,ok,reach_goal,1,0,0,10.75,10.75,0.14104327032837538,43,0,0,172,204,0,0,0,0
8000004,5,circle_crossing,4,19d900a3d68b115f,CV,ok,reach_goal,1,0,0,10.75,10.75,0.14971844810292068,43,0,119,169,204,10274,58987,0,0
8000004,5,circle_crossing,4,19d900a3d68b115f,TREE,ok,reach_goal,1,0,0,10.75,10.75,0.13526144240622195,43,0,113,162,204,6562,61951,0,0
8000004,5,circle_crossing,4,19d900a3d68b115f,MAP,ok,reach_goal,1,0,0,10.75,10.75,0.14741248785115257,43,0,109,168,204,7827,59567,0,0
8000005,5,circle_crossing,5,1cc1f37567ffb89a,FULL,ok,reach_goal,1,0,0,11.25,11.25,0.10076199428523736,45,0,107,167,210,7090,74194,0,0
8000005,5,circle_crossing,5,1cc1f37567ffb89a,O,ok,reach_goal,1,0,0,11.5,11.5,0.10178937206285077,46,1,0,170,215,0,0,0,0
8000005,5,circle_crossing,5,1cc1f37567ffb89a,CV,ok,reach_goal,1,0,0,11.25,11.25,0.11504262697610823,45,0,105,163,210,7078,73051,0,0
8000005,5,circle_crossing,5,1cc1f37567ffb89a,TREE,ok,reach_goal,1,0,0,11.5,11.5,0.10752479777570267,46,0,103,164,215,7120,74610,0,0
8000005,5,circle_crossing,5,1cc1f37567ffb89a,MAP,ok,reach_goal,1,0,0,11.5,11.5,0.11550250339467805,46,0,108,165,215,7240,75509,0,0
8000005,5,circle_crossing,5,1cc1f37567ffb89a,IID,ok,reach_goal,1,0,0,11.5,11.5,0.14330330111427825,46,0,107,167,215,7113,75203,0,0
8000006,5,circle_crossing,6,0277fa099374fd02,O,ok,reach_goal,1,0,0,8.25,8.25,0.19737292675136053,33,0,0,91,140,0,0,0,0
8000006,5,circle_crossing,6,0277fa099374fd02,CV,ok,reach_goal,1,0,0,8.5,8.5,0.236358785205256,34,0,42,91,145,4029,60571,0,0
8000006,5,circle_crossing,6,0277fa099374fd02,TREE,ok,reach_goal,1,0,0,8.25,8.25,0.18129567416502002,33,0,42,95,140,3546,57889,0,0
8000006,5,circle_crossing,6,0277fa099374fd02,MAP,ok,reach_goal,1,0,0,8.5,8.5,0.1913063641188727,34,0,45,93,145,3782,60053,0,0
8000006,5,circle_crossing,6,0277fa099374fd02,IID,ok,reach_goal,1,0,0,8.25,8.25,0.18006799232455872,33,0,43,96,140,3748,58168,0,0
8000006,5,circle_crossing,6,0277fa099374fd02,FULL,ok,reach_goal,1,0,0,8.25,8.25,0.18853455574578426,33,0,43,94,140,3769,58046,0,0
8000007,5,circle_crossing,7,d6bc30d52c36904a,CV,ok,reach_goal,1,0,0,8.75,8.75,0.1184297364467608,35,0,52,108,149,5463,61681,0,0
8000007,5,circle_crossing,7,d6bc30d52c36904a,TREE,ok,reach_goal,1,0,0,8.75,8.75,0.13251577646730772,35,0,52,108,149,4904,61601,0,0
8000007,5,circle_crossing,7,d6bc30d52c36904a,MAP,ok,reach_goal,1,0,0,8.75,8.75,0.11660019915194608,35,0,59,112,149,5156,61663,0,0
8000007,5,circle_crossing,7,d6bc30d52c36904a,IID,ok,reach_goal,1,0,0,8.75,8.75,0.1166486693827139,35,0,59,111,149,5086,61561,0,0
8000007,5,circle_crossing,7,d6bc30d52c36904a,FULL,ok,reach_goal,1,0,0,8.75,8.75,0.11787031163720574,35,0,57,112,149,5106,61377,0,0
8000007,5,circle_crossing,7,d6bc30d52c36904a,O,ok,reach_goal,1,0,0,8.75,8.75,0.11223882988061207,35,0,0,113,149,0,0,0,0
8000011,5,square_crossing,11,d0297763f790fc79,FULL,ok,reach_goal,1,0,0,8.25,8.25,0.15211237897326513,33,0,73,121,152,5882,51931,0,0
8000011,5,square_crossing,11,d0297763f790fc79,O,ok,reach_goal,1,0,0,8.25,8.25,0.14484548780068307,33,0,0,121,152,0,0,0,0
8000011,5,square_crossing,11,d0297763f790fc79,CV,ok,reach_goal,1,0,0,8.25,8.25,0.14226623974804042,33,0,78,122,152,5629,51795,0,0
8000011,5,square_crossing,11,d0297763f790fc79,TREE,ok,reach_goal,1,0,0,8.25,8.25,0.14747242449085007,33,0,78,122,152,5232,50976,0,0
8000011,5,square_crossing,11,d0297763f790fc79,MAP,ok,reach_goal,1,0,0,8.25,8.25,0.15233140241516974,33,0,78,122,152,5915,51995,0,0
8000011,5,square_crossing,11,d0297763f790fc79,IID,ok,reach_goal,1,0,0,8.25,8.25,0.15211237897326513,33,0,73,121,152,5865,51912,0,0
8000009,5,circle_crossing,9,c0e898f55b71e2c8,MAP,ok,reach_goal,1,0,0,8.75,8.75,0.1274017342340079,35,0,72,121,163,9280,54584,0,0
8000009,5,circle_crossing,9,c0e898f55b71e2c8,IID,ok,reach_goal,1,0,0,9.0,9.0,0.1386601184257773,36,0,82,125,168,9109,55636,0,0
8000009,5,circle_crossing,9,c0e898f55b71e2c8,FULL,ok,reach_goal,1,0,0,9.0,9.0,0.13352356250838193,36,0,81,124,168,9017,55556,0,0
8000009,5,circle_crossing,9,c0e898f55b71e2c8,O,ok,reach_goal,1,0,0,9.25,9.25,0.18012596785323987,37,0,0,128,173,0,0,0,0
8000009,5,circle_crossing,9,c0e898f55b71e2c8,CV,ok,reach_goal,1,0,0,9.0,9.0,0.14017423516141925,36,0,79,126,168,8493,55292,0,0
8000009,5,circle_crossing,9,c0e898f55b71e2c8,TREE,ok,reach_goal,1,0,0,9.0,9.0,0.17677219724723792,36,0,78,125,168,8379,55649,0,0
8000010,5,square_crossing,10,c61812b111d59b16,IID,ok,reach_goal,1,0,0,9.25,9.25,0.1523160627281186,37,0,104,141,169,351,70623,0,0
8000010,5,square_crossing,10,c61812b111d59b16,FULL,ok,reach_goal,1,0,0,9.25,9.25,0.1523160627281186,37,0,104,141,169,351,70621,0,0
8000010,5,square_crossing,10,c61812b111d59b16,O,ok,reach_goal,1,0,0,9.25,9.25,0.1523160627281186,37,0,0,137,169,0,0,0,0
8000010,5,square_crossing,10,c61812b111d59b16,CV,ok,reach_goal,1,0,0,9.25,9.25,0.1523160627281186,37,0,101,137,169,286,70647,0,0
8000010,5,square_crossing,10,c61812b111d59b16,TREE,ok,reach_goal,1,0,0,9.25,9.25,0.1523160627281186,37,0,100,138,169,393,70875,0,0
8000010,5,square_crossing,10,c61812b111d59b16,MAP,ok,reach_goal,1,0,0,9.25,9.25,0.1523160627281186,37,0,104,141,169,345,70606,0,0
8000008,5,circle_crossing,8,e4d5e32df6d49e8f,TREE,ok,reach_goal,1,0,0,10.75,10.75,0.12083874115136362,43,0,108,164,214,7730,77531,0,0
8000008,5,circle_crossing,8,e4d5e32df6d49e8f,MAP,ok,reach_goal,1,0,0,11.0,11.0,0.1690713109750176,44,0,132,191,219,8672,72755,0,0
8000008,5,circle_crossing,8,e4d5e32df6d49e8f,IID,ok,reach_goal,1,0,0,11.0,11.0,0.1377820426795061,44,0,121,187,219,8416,74378,0,0
8000008,5,circle_crossing,8,e4d5e32df6d49e8f,FULL,ok,reach_goal,1,0,0,11.0,11.0,0.14340856363599885,44,0,125,184,219,8650,72958,0,0
8000008,5,circle_crossing,8,e4d5e32df6d49e8f,O,ok,reach_goal,1,0,0,11.0,11.0,0.12325787430154589,44,0,0,190,219,0,0,0,0
8000008,5,circle_crossing,8,e4d5e32df6d49e8f,CV,ok,reach_goal,1,0,0,11.0,11.0,0.1620788155946996,44,0,131,187,219,10553,76482,0,0
8000012,5,square_crossing,12,c1062630250fb252,O,ok,reach_goal,1,0,0,9.25,9.25,0.13449637366175304,37,0,0,148,184,0,0,0,0
8000012,5,square_crossing,12,c1062630250fb252,CV,ok,reach_goal,1,0,0,9.0,9.0,0.13612108111985033,36,0,91,144,179,14377,69354,0,0
8000012,5,square_crossing,12,c1062630250fb252,TREE,ok,reach_goal,1,0,0,9.25,9.25,0.1324899394070822,37,0,96,149,184,15014,71745,0,0
8000012,5,square_crossing,12,c1062630250fb252,MAP,ok,reach_goal,1,0,0,9.25,9.25,0.16543640491389366,37,0,98,151,184,14899,71902,0,0
8000012,5,square_crossing,12,c1062630250fb252,IID,ok,reach_goal,1,0,0,9.0,9.0,0.14851142602612777,36,0,90,143,179,14385,69570,0,0
8000012,5,square_crossing,12,c1062630250fb252,FULL,ok,reach_goal,1,0,0,9.0,9.0,0.14851142602612777,36,0,90,143,179,14378,69562,0,0
8000015,5,square_crossing,15,6771c48b4570c7ec,MAP,ok,reach_goal,1,0,0,8.5,8.5,0.11677839078041563,34,0,81,117,140,5085,56469,0,0
8000015,5,square_crossing,15,6771c48b4570c7ec,IID,ok,reach_goal,1,0,0,8.5,8.5,0.11552291312903373,34,0,81,117,140,4907,56420,0,0
8000015,5,square_crossing,15,6771c48b4570c7ec,FULL,ok,reach_goal,1,0,0,8.5,8.5,0.13982338043514053,34,0,70,114,140,4925,56381,0,0
8000015,5,square_crossing,15,6771c48b4570c7ec,O,ok,reach_goal,1,0,0,9.0,9.0,0.12102777421184108,36,0,0,121,150,0,0,0,0
8000015,5,square_crossing,15,6771c48b4570c7ec,CV,ok,reach_goal,1,0,0,8.5,8.5,0.10954422868271518,34,0,86,118,140,4751,54784,0,0
8000015,5,square_crossing,15,6771c48b4570c7ec,TREE,ok,reach_goal,1,0,0,8.5,8.5,0.1417929987535098,34,0,69,113,140,4743,56122,0,0
8000014,5,square_crossing,14,7cf9c67c383adc5a,TREE,ok,reach_goal,1,0,0,8.25,8.25,0.18940068598414228,33,0,90,135,148,3716,59963,0,0
8000014,5,square_crossing,14,7cf9c67c383adc5a,MAP,ok,reach_goal,1,0,0,8.25,8.25,0.1671960441790996,33,0,87,133,147,4046,60132,0,0
8000014,5,square_crossing,14,7cf9c67c383adc5a,IID,ok,reach_goal,1,0,0,8.25,8.25,0.15049219538397873,33,0,93,135,147,4004,60059,0,0
8000014,5,square_crossing,14,7cf9c67c383adc5a,FULL,ok,reach_goal,1,0,0,8.25,8.25,0.18542307848428097,33,0,90,132,147,4045,60081,0,0
8000014,5,square_crossing,14,7cf9c67c383adc5a,O,ok,reach_goal,1,0,0,8.25,8.25,0.15857033787510244,33,0,0,134,148,0,0,0,0
8000014,5,square_crossing,14,7cf9c67c383adc5a,CV,ok,reach_goal,1,0,0,8.25,8.25,0.1546198066374478,33,0,88,135,148,3840,60135,0,0
8000013,5,square_crossing,13,ded948365fe241c1,CV,ok,reach_goal,1,0,0,10.5,10.5,0.061539075617686456,42,0,93,142,193,1117,71194,0,0
8000013,5,square_crossing,13,ded948365fe241c1,TREE,ok,reach_goal,1,0,0,10.5,10.5,0.061539075617686456,42,0,93,142,193,1136,70889,0,0
8000013,5,square_crossing,13,ded948365fe241c1,MAP,ok,reach_goal,1,0,0,10.5,10.5,0.061539075617686456,42,0,93,142,193,1191,71011,0,0
8000013,5,square_crossing,13,ded948365fe241c1,IID,ok,reach_goal,1,0,0,10.5,10.5,0.061539075617686456,42,0,93,142,193,1175,71039,0,0
8000013,5,square_crossing,13,ded948365fe241c1,FULL,ok,reach_goal,1,0,0,10.5,10.5,0.061539075617686456,42,0,93,142,193,1175,71044,0,0
8000013,5,square_crossing,13,ded948365fe241c1,O,ok,reach_goal,1,0,0,10.5,10.5,0.061539075617686456,42,0,0,142,193,0,0,0,0
8000016,5,square_crossing,16,f06818612d2cb7ce,IID,ok,reach_goal,1,0,0,9.25,9.25,0.15966133588007236,37,0,73,112,145,4446,68094,0,0
8000016,5,square_crossing,16,f06818612d2cb7ce,FULL,ok,reach_goal,1,0,0,9.25,9.25,0.15966133588007236,37,0,73,112,145,4447,68089,0,0
8000016,5,square_crossing,16,f06818612d2cb7ce,O,ok,reach_goal,1,0,0,9.25,9.25,0.11073645459567971,37,0,0,112,145,0,0,0,0
8000016,5,square_crossing,16,f06818612d2cb7ce,CV,ok,reach_goal,1,0,0,9.25,9.25,0.14348958594627992,37,0,72,111,145,4451,68262,0,0
8000016,5,square_crossing,16,f06818612d2cb7ce,TREE,ok,reach_goal,1,0,0,9.25,9.25,0.12098482238952457,37,0,68,112,145,4538,68106,0,0
8000016,5,square_crossing,16,f06818612d2cb7ce,MAP,ok,reach_goal,1,0,0,9.25,9.25,0.16448131862154503,37,0,73,113,145,4392,68134,0,0
8000017,5,square_crossing,17,bc178971c9dda96f,FULL,ok,reach_goal,1,0,0,10.5,10.5,0.12398435743699043,42,0,100,143,167,8814,72124,0,0
8000017,5,square_crossing,17,bc178971c9dda96f,O,ok,reach_goal,1,0,0,10.75,10.75,0.10988033464373925,43,0,0,136,164,0,0,0,0
8000017,5,square_crossing,17,bc178971c9dda96f,CV,ok,reach_goal,1,0,0,10.25,10.25,0.13521410417856572,41,0,98,141,162,8515,69670,0,0
8000017,5,square_crossing,17,bc178971c9dda96f,TREE,ok,reach_goal,1,0,0,10.5,10.5,0.14361629173902624,42,1,99,142,167,9386,71645,0,0
8000017,5,square_crossing,17,bc178971c9dda96f,MAP,ok,reach_goal,1,0,0,10.25,10.25,0.1527850166258975,41,0,93,139,164,8190,69473,0,0
8000017,5,square_crossing,17,bc178971c9dda96f,IID,ok,reach_goal,1,0,0,10.5,10.5,0.12398435743699043,42,0,101,144,167,8859,72176,0,0
8000018,5,square_crossing,18,fbd9a3b8d510b661,O,ok,reach_goal,1,0,0,8.0,8.0,0.16838942384866606,32,0,0,126,147,0,0,0,0
8000018,5,square_crossing,18,fbd9a3b8d510b661,CV,ok,reach_goal,1,0,0,8.0,8.0,0.1666345380541413,32,0,90,126,147,2377,54284,0,0
8000018,5,square_crossing,18,fbd9a3b8d510b661,TREE,ok,reach_goal,1,0,0,8.0,8.0,0.16323217456384886,32,0,80,124,147,2418,53451,0,0
8000018,5,square_crossing,18,fbd9a3b8d510b661,MAP,ok,reach_goal,1,0,0,8.0,8.0,0.1318789206772253,32,0,82,122,147,2983,53957,0,0
8000018,5,square_crossing,18,fbd9a3b8d510b661,IID,ok,reach_goal,1,0,0,8.0,8.0,0.14342423462600395,32,0,88,124,147,2898,54229,0,0
8000018,5,square_crossing,18,fbd9a3b8d510b661,FULL,ok,reach_goal,1,0,0,8.0,8.0,0.13713274194936187,32,0,82,122,147,2940,53926,0,0
8000019,5,square_crossing,19,47414666011db9f8,CV,ok,reach_goal,1,0,0,8.75,8.75,0.11727576541936424,35,0,102,138,158,2583,60168,0,0
8000019,5,square_crossing,19,47414666011db9f8,TREE,ok,reach_goal,1,0,0,8.5,8.5,0.16660899870724255,34,0,103,135,153,3095,59115,0,0
8000019,5,square_crossing,19,47414666011db9f8,MAP,ok,reach_goal,1,0,0,8.75,8.75,0.12494904917946514,35,0,107,139,158,3801,61985,0,0
8000019,5,square_crossing,19,47414666011db9f8,IID,ok,reach_goal,1,0,0,8.75,8.75,0.10167958513272868,35,0,96,136,158,3253,61450,0,0
8000019,5,square_crossing,19,47414666011db9f8,FULL,ok,reach_goal,1,0,0,8.5,8.5,0.10167958513272868,34,0,93,133,153,3377,59531,0,0
8000019,5,square_crossing,19,47414666011db9f8,O,ok,reach_goal,1,0,0,8.75,8.75,0.1488850275198551,35,0,0,136,160,0,0,0,0
8000020,10,circle_crossing,20,1257f5fea876845d,TREE,ok,reach_goal,1,0,0,9.75,9.75,0.13271454629025392,39,0,119,224,323,6836,56650,0,0
8000020,10,circle_crossing,20,1257f5fea876845d,MAP,ok,reach_goal,1,0,0,10.0,10.0,0.1755142010739129,40,0,127,228,326,6293,57982,0,0
8000020,10,circle_crossing,20,1257f5fea876845d,IID,ok,reach_goal,1,0,0,10.0,10.0,0.14237217783691358,40,0,127,228,327,6316,57465,0,0
8000020,10,circle_crossing,20,1257f5fea876845d,FULL,ok,reach_goal,1,0,0,10.0,10.0,0.1432842333322386,40,0,131,227,327,6692,57930,0,0
8000020,10,circle_crossing,20,1257f5fea876845d,O,ok,reach_goal,1,0,0,10.0,10.0,0.1391390508414282,40,0,0,225,334,0,0,0,0
8000020,10,circle_crossing,20,1257f5fea876845d,CV,ok,reach_goal,1,0,0,9.75,9.75,0.12157554228727552,39,0,126,227,324,7249,57918,0,0
8000023,10,circle_crossing,23,a8730ed4b3c29dea,FULL,ok,reach_goal,1,0,0,10.25,10.25,0.1522251618369176,41,0,124,222,367,3046,61480,0,0
8000023,10,circle_crossing,23,a8730ed4b3c29dea,O,ok,reach_goal,1,0,0,10.0,10.0,0.11221399491727513,40,0,0,222,357,0,0,0,0
8000023,10,circle_crossing,23,a8730ed4b3c29dea,CV,ok,reach_goal,1,0,0,10.0,10.0,0.1284810251551992,40,0,114,219,357,3039,62822,0,0
8000023,10,circle_crossing,23,a8730ed4b3c29dea,TREE,ok,reach_goal,1,0,0,10.0,10.0,0.12260675932649556,40,0,111,213,355,3322,62364,0,0
8000023,10,circle_crossing,23,a8730ed4b3c29dea,MAP,ok,reach_goal,1,0,0,10.25,10.25,0.13807506098280087,41,0,122,225,367,2783,61736,0,0
8000023,10,circle_crossing,23,a8730ed4b3c29dea,IID,ok,reach_goal,1,0,0,10.25,10.25,0.16909228076107552,41,0,122,221,367,2900,61902,0,0
8000021,10,circle_crossing,21,13468f15b24c1de0,MAP,ok,reach_goal,1,0,0,13.0,13.0,0.12103492922980197,52,0,199,334,503,8397,77080,0,0
8000021,10,circle_crossing,21,13468f15b24c1de0,IID,ok,reach_goal,1,0,0,13.0,13.0,0.11412482223141418,52,1,216,342,502,9329,76449,0,0
8000021,10,circle_crossing,21,13468f15b24c1de0,FULL,ok,reach_goal,1,0,0,12.75,12.75,0.11817699128521175,51,0,207,330,491,8087,74761,0,0
8000021,10,circle_crossing,21,13468f15b24c1de0,O,ok,reach_goal,1,0,0,13.25,13.25,0.1173767800301917,53,0,0,358,512,0,0,0,0
8000021,10,circle_crossing,21,13468f15b24c1de0,CV,ok,reach_goal,1,0,0,8.0,8.0,0.11240548021446461,32,0,172,263,303,4079,36967,0,0
8000021,10,circle_crossing,21,13468f15b24c1de0,TREE,ok,reach_goal,1,0,0,13.25,13.25,0.12317552859959335,53,1,221,349,512,6887,78216,0,0
8000022,10,circle_crossing,22,e629118bcc9156a0,IID,ok,reach_goal,1,0,0,12.5,12.5,0.15375630211954805,50,0,202,337,479,11166,69532,0,0
8000022,10,circle_crossing,22,e629118bcc9156a0,FULL,ok,reach_goal,1,0,0,12.25,12.25,0.14081930636871043,49,0,214,343,469,5300,53690,0,0
8000022,10,circle_crossing,22,e629118bcc9156a0,O,ok,reach_goal,1,0,0,14.5,14.5,0.1287576050105098,58,0,0,419,559,0,0,0,0
8000022,10,circle_crossing,22,e629118bcc9156a0,CV,ok,reach_goal,1,0,0,14.5,14.5,0.11937767358956386,58,0,263,411,559,5953,64039,0,0
8000022,10,circle_crossing,22,e629118bcc9156a0,TREE,ok,reach_goal,1,0,0,12.5,12.5,0.14317671801459775,50,0,203,331,479,11403,68646,0,0
8000022,10,circle_crossing,22,e629118bcc9156a0,MAP,ok,reach_goal,1,0,0,12.25,12.25,0.10160912503044484,49,0,234,347,469,4106,52410,0,0
8000024,10,circle_crossing,24,53b4fc05d8b7df28,O,ok,reach_goal,1,0,0,12.75,12.75,0.18954990191994636,51,0,0,319,470,0,0,0,0
8000024,10,circle_crossing,24,53b4fc05d8b7df28,CV,ok,reach_goal,1,0,0,12.75,12.75,0.13301695825318993,51,0,200,315,474,9874,75771,0,0
8000024,10,circle_crossing,24,53b4fc05d8b7df28,TREE,ok,reach_goal,1,0,0,10.75,10.75,0.11294357097562002,43,0,124,232,396,8240,66717,0,0
8000024,10,circle_crossing,24,53b4fc05d8b7df28,MAP,ok,reach_goal,1,0,0,13.25,13.25,0.10638017237663522,53,0,199,296,496,10727,76142,0,0
8000024,10,circle_crossing,24,53b4fc05d8b7df28,IID,ok,reach_goal,1,0,0,13.25,13.25,0.11122700140185215,53,0,184,300,496,10952,78045,0,0
8000024,10,circle_crossing,24,53b4fc05d8b7df28,FULL,ok,reach_goal,1,0,0,13.5,13.5,0.12143019191609361,54,0,204,314,506,10247,83929,0,0
8000025,10,circle_crossing,25,cec2b8f7229f1fc3,CV,ok,reach_goal,1,0,0,12.0,12.0,0.15167744210995038,48,0,180,289,431,12688,66072,0,0
8000025,10,circle_crossing,25,cec2b8f7229f1fc3,TREE,ok,reach_goal,1,0,0,12.25,12.25,0.14926065786717135,49,0,146,282,462,12363,72045,0,0
8000025,10,circle_crossing,25,cec2b8f7229f1fc3,MAP,ok,reach_goal,1,0,0,12.25,12.25,0.16038434553561598,49,0,165,279,456,10719,68414,0,0
8000025,10,circle_crossing,25,cec2b8f7229f1fc3,IID,ok,reach_goal,1,0,0,12.25,12.25,0.13155235516435781,49,0,169,288,460,14944,73454,0,0
8000025,10,circle_crossing,25,cec2b8f7229f1fc3,FULL,ok,reach_goal,1,0,0,12.0,12.0,0.15210246789067594,48,0,158,283,452,13796,72853,0,0
8000025,10,circle_crossing,25,cec2b8f7229f1fc3,O,ok,reach_goal,1,0,0,12.25,12.25,0.16009505345156994,49,0,0,284,458,0,0,0,0
8000026,10,circle_crossing,26,f974cafd3d042a67,TREE,ok,reach_goal,1,0,0,12.75,12.75,0.158450518689202,51,0,173,291,421,18221,83433,0,0
8000026,10,circle_crossing,26,f974cafd3d042a67,MAP,ok,reach_goal,1,0,0,12.25,12.25,0.17212329611501864,49,0,129,241,415,12512,80687,0,0
8000026,10,circle_crossing,26,f974cafd3d042a67,IID,ok,reach_goal,1,0,0,12.25,12.25,0.17191716019665582,49,0,149,240,401,15045,81847,0,0
8000026,10,circle_crossing,26,f974cafd3d042a67,FULL,ok,reach_goal,1,0,0,12.25,12.25,0.1529629005490789,49,0,138,238,435,14885,82023,0,0
8000026,10,circle_crossing,26,f974cafd3d042a67,O,ok,reach_goal,1,0,0,14.5,14.5,0.10592017391295672,58,0,0,359,516,0,0,0,0
8000026,10,circle_crossing,26,f974cafd3d042a67,CV,ok,reach_goal,1,0,0,12.25,12.25,0.1675530189480665,49,0,137,242,388,10212,78991,0,0
8000028,10,circle_crossing,28,152bcb770bae657b,IID,ok,reach_goal,1,0,0,10.25,10.25,0.19741477604199953,41,0,183,279,374,5416,56297,0,0
8000028,10,circle_crossing,28,152bcb770bae657b,FULL,ok,reach_goal,1,0,0,10.5,10.5,0.13873941639919707,42,0,174,279,384,5445,54660,0,0
8000028,10,circle_crossing,28,152bcb770bae657b,O,ok,reach_goal,1,0,0,10.25,10.25,0.19342432523782804,41,0,0,275,374,0,0,0,0
8000028,10,circle_crossing,28,152bcb770bae657b,CV,ok,reach_goal,1,0,0,10.5,10.5,0.1363878533148194,42,0,169,277,384,6392,55796,0,0
8000028,10,circle_crossing,28,152bcb770bae657b,TREE,ok,reach_goal,1,0,0,10.25,10.25,0.17125980068009872,41,0,171,271,374,4180,54675,0,0
8000028,10,circle_crossing,28,152bcb770bae657b,MAP,ok,reach_goal,1,0,0,10.5,10.5,0.17378754605541458,42,0,184,280,384,5661,56254,0,0
8000027,10,circle_crossing,27,35ff9d7177028bd8,MAP,ok,reach_goal,1,0,0,12.0,12.0,0.09452813657826986,48,0,164,289,444,13251,58041,0,0
8000027,10,circle_crossing,27,35ff9d7177028bd8,IID,ok,reach_goal,1,0,0,12.25,12.25,0.07190761166678383,49,0,163,291,465,14696,60993,0,0
8000027,10,circle_crossing,27,35ff9d7177028bd8,FULL,ok,reach_goal,1,0,0,12.0,12.0,0.09756853242689034,48,0,168,296,455,12768,58367,0,0
8000027,10,circle_crossing,27,35ff9d7177028bd8,O,ok,reach_goal,1,0,0,12.25,12.25,0.09143150201532091,49,0,0,295,454,0,0,0,0
8000027,10,circle_crossing,27,35ff9d7177028bd8,CV,ok,reach_goal,1,0,0,12.0,12.0,0.10209385171268881,48,0,179,300,444,12023,57488,0,0
8000027,10,circle_crossing,27,35ff9d7177028bd8,TREE,ok,reach_goal,1,0,0,12.0,12.0,0.09820048005402027,48,0,178,298,452,12154,56009,0,0
8000030,10,square_crossing,30,2fb9a5924555033a,O,ok,reach_goal,1,0,0,11.0,11.0,0.07031067567312599,44,0,0,234,374,0,0,0,0
8000030,10,square_crossing,30,2fb9a5924555033a,CV,ok,reach_goal,1,0,0,11.0,11.0,0.07031067567312599,44,0,124,232,374,3369,68824,0,0
8000030,10,square_crossing,30,2fb9a5924555033a,TREE,ok,reach_goal,1,0,0,11.0,11.0,0.07031067567312599,44,0,125,234,374,3429,69339,0,0
8000030,10,square_crossing,30,2fb9a5924555033a,MAP,ok,reach_goal,1,0,0,11.0,11.0,0.07031067567312599,44,0,125,234,374,3349,69231,0,0
8000030,10,square_crossing,30,2fb9a5924555033a,IID,ok,reach_goal,1,0,0,11.0,11.0,0.07031067567312599,44,0,125,234,374,3361,69270,0,0
8000030,10,square_crossing,30,2fb9a5924555033a,FULL,ok,reach_goal,1,0,0,11.0,11.0,0.07031067567312599,44,0,125,234,374,3361,69267,0,0
8000031,10,square_crossing,31,871361b316b80e52,CV,ok,reach_goal,1,0,0,8.75,8.75,0.17587923553830076,35,0,161,244,317,7842,54623,0,0
8000031,10,square_crossing,31,871361b316b80e52,TREE,ok,reach_goal,1,0,0,8.75,8.75,0.18701381988630905,35,0,164,246,317,7700,53609,0,0
8000031,10,square_crossing,31,871361b316b80e52,MAP,ok,reach_goal,1,0,0,8.75,8.75,0.1515476752936925,35,0,162,244,317,8478,55480,0,0
8000031,10,square_crossing,31,871361b316b80e52,IID,ok,reach_goal,1,0,0,8.75,8.75,0.15835743163103166,35,0,163,244,314,7928,54537,0,0
8000031,10,square_crossing,31,871361b316b80e52,FULL,ok,reach_goal,1,0,0,8.75,8.75,0.16906768228960556,35,0,168,248,314,8121,54583,0,0
8000031,10,square_crossing,31,871361b316b80e52,O,ok,reach_goal,1,0,0,8.75,8.75,0.1936777041325063,35,0,0,246,318,0,0,0,0
8000029,10,circle_crossing,29,27480e33802a685a,FULL,ok,reach_goal,1,0,0,11.5,11.5,0.14778554185859005,46,1,159,255,403,8000,66529,0,0
8000029,10,circle_crossing,29,27480e33802a685a,O,ok,reach_goal,1,0,0,13.25,13.25,0.12650129597826387,53,0,0,356,495,0,0,0,0
8000029,10,circle_crossing,29,27480e33802a685a,CV,ok,reach_goal,1,0,0,13.25,13.25,0.15515766233091088,53,0,210,356,495,11446,81798,0,0
8000029,10,circle_crossing,29,27480e33802a685a,TREE,ok,reach_goal,1,0,0,13.75,13.75,0.12154915822272727,55,0,200,311,488,9053,81757,0,0
8000029,10,circle_crossing,29,27480e33802a685a,MAP,ok,reach_goal,1,0,0,13.5,13.5,0.1475545674265828,54,0,209,310,480,6459,79326,0,0
8000029,10,circle_crossing,29,27480e33802a685a,IID,ok,reach_goal,1,0,0,13.5,13.5,0.15349766128601194,54,0,195,302,452,6861,80403,0,0
8000033,10,square_crossing,33,83beeb0943dd7620,MAP,ok,reach_goal,1,0,0,8.25,8.25,0.15234462430373774,33,0,111,199,256,6018,57425,0,0
8000033,10,square_crossing,33,83beeb0943dd7620,IID,ok,reach_goal,1,0,0,8.5,8.5,0.17010465376298567,34,0,126,207,266,6383,59897,0,0
8000033,10,square_crossing,33,83beeb0943dd7620,FULL,ok,reach_goal,1,0,0,8.25,8.25,0.16553710363705554,33,0,118,202,259,6738,57838,0,0
8000033,10,square_crossing,33,83beeb0943dd7620,O,ok,reach_goal,1,0,0,8.5,8.5,0.11567695665869948,34,0,0,213,269,0,0,0,0
8000033,10,square_crossing,33,83beeb0943dd7620,CV,ok,reach_goal,1,0,0,8.25,8.25,0.16546544147015352,33,0,124,203,259,6849,58215,0,0
8000033,10,square_crossing,33,83beeb0943dd7620,TREE,ok,reach_goal,1,0,0,8.5,8.5,0.14601083110674795,34,0,134,211,270,7485,60175,0,0
8000032,10,square_crossing,32,189d56633632cc48,TREE,ok,reach_goal,1,0,0,11.75,11.75,0.17507133433860167,47,0,212,314,406,15373,71274,0,0
8000032,10,square_crossing,32,189d56633632cc48,MAP,ok,collision,0,1,0,25.0,6.25,-0.03738995223382302,25,0,84,146,192,9973,29886,0,0
8000032,10,square_crossing,32,189d56633632cc48,IID,ok,reach_goal,1,0,0,11.25,11.25,0.08470674486851282,45,0,174,267,382,13331,62155,0,0
8000032,10,square_crossing,32,189d56633632cc48,FULL,ok,reach_goal,1,0,0,13.5,13.5,0.05174037078343252,54,0,203,327,490,16047,74216,0,0
8000032,10,square_crossing,32,189d56633632cc48,O,ok,reach_goal,1,0,0,12.0,12.0,0.052395959376535184,48,0,0,286,411,0,0,0,0
8000032,10,square_crossing,32,189d56633632cc48,CV,ok,reach_goal,1,0,0,11.5,11.5,0.04377958434241458,46,0,181,279,387,15619,63744,0,0
8000034,10,square_crossing,34,9b57053dadcaa827,IID,ok,reach_goal,1,0,0,8.0,8.0,0.14418469650870103,32,0,127,204,288,3234,57530,0,0
8000034,10,square_crossing,34,9b57053dadcaa827,FULL,ok,reach_goal,1,0,0,8.0,8.0,0.14418469650870103,32,0,127,204,288,3236,57560,0,0
8000034,10,square_crossing,34,9b57053dadcaa827,O,ok,reach_goal,1,0,0,8.0,8.0,0.14418469650870103,32,0,0,203,288,0,0,0,0
8000034,10,square_crossing,34,9b57053dadcaa827,CV,ok,reach_goal,1,0,0,8.0,8.0,0.14418469650870103,32,0,127,205,288,3246,58518,0,0
8000034,10,square_crossing,34,9b57053dadcaa827,TREE,ok,reach_goal,1,0,0,8.0,8.0,0.14418469650870103,32,0,126,203,288,3238,56985,0,0
8000034,10,square_crossing,34,9b57053dadcaa827,MAP,ok,reach_goal,1,0,0,8.0,8.0,0.14418469650870103,32,0,126,204,288,3207,57446,0,0
8000036,10,square_crossing,36,73fc939b84e9cc5e,O,ok,reach_goal,1,0,0,9.5,9.5,0.1616896115887917,38,0,0,262,354,0,0,0,0
8000036,10,square_crossing,36,73fc939b84e9cc5e,CV,ok,reach_goal,1,0,0,9.5,9.5,0.17024761221245188,38,0,150,258,353,5440,61984,0,0
8000036,10,square_crossing,36,73fc939b84e9cc5e,TREE,ok,reach_goal,1,0,0,9.5,9.5,0.13831909253967944,38,0,155,263,355,5045,60986,0,0
8000036,10,square_crossing,36,73fc939b84e9cc5e,MAP,ok,reach_goal,1,0,0,9.5,9.5,0.1757739171165088,38,0,158,266,354,5595,62026,0,0
8000036,10,square_crossing,36,73fc939b84e9cc5e,IID,ok,reach_goal,1,0,0,9.5,9.5,0.16350486805180997,38,0,151,256,353,5120,62666,0,0
8000036,10,square_crossing,36,73fc939b84e9cc5e,FULL,ok,reach_goal,1,0,0,9.5,9.5,0.1562276659488494,38,0,147,263,354,4939,60012,0,0
8000037,10,square_crossing,37,d64df662419af7b3,CV,ok,reach_goal,1,0,0,10.0,10.0,0.14557233967197913,40,0,159,262,350,4237,68115,0,0
8000037,10,square_crossing,37,d64df662419af7b3,TREE,ok,reach_goal,1,0,0,10.0,10.0,0.14912148083347032,40,0,149,256,355,4508,68233,0,0
8000037,10,square_crossing,37,d64df662419af7b3,MAP,ok,reach_goal,1,0,0,10.0,10.0,0.14446618358879426,40,0,162,263,350,3909,69221,0,0
8000037,10,square_crossing,37,d64df662419af7b3,IID,ok,reach_goal,1,0,0,10.0,10.0,0.17304150352405923,40,0,158,265,349,3887,69211,0,0
8000037,10,square_crossing,37,d64df662419af7b3,FULL,ok,reach_goal,1,0,0,10.0,10.0,0.1516275835015929,40,0,155,261,348,3768,69100,0,0
8000037,10,square_crossing,37,d64df662419af7b3,O,ok,reach_goal,1,0,0,10.0,10.0,0.10606683360978664,40,0,0,259,348,0,0,0,0
8000035,10,square_crossing,35,7c179e3e51a4d395,FULL,ok,reach_goal,1,0,0,12.5,12.5,0.13480547261694253,50,0,249,368,472,13567,70226,0,0
8000035,10,square_crossing,35,7c179e3e51a4d395,O,ok,reach_goal,1,0,0,11.5,11.5,0.16376972522016664,46,0,0,313,432,0,0,0,0
8000035,10,square_crossing,35,7c179e3e51a4d395,CV,ok,reach_goal,1,0,0,11.5,11.5,0.21342366965148896,46,0,208,309,432,13120,65514,0,0
8000035,10,square_crossing,35,7c179e3e51a4d395,TREE,ok,reach_goal,1,0,0,12.25,12.25,0.11823208444726707,49,0,246,359,462,14243,67262,0,0
8000035,10,square_crossing,35,7c179e3e51a4d395,MAP,ok,reach_goal,1,0,0,10.75,10.75,0.18314999361216033,43,0,190,291,402,10545,59535,0,0
8000035,10,square_crossing,35,7c179e3e51a4d395,IID,ok,reach_goal,1,0,0,10.75,10.75,0.1486422104044709,43,0,194,285,401,10291,58665,0,0
8000038,10,square_crossing,38,6861dded9f853a5f,TREE,ok,reach_goal,1,0,0,9.25,9.25,0.17794631475132605,37,0,122,217,312,6304,60714,0,0
8000038,10,square_crossing,38,6861dded9f853a5f,MAP,ok,reach_goal,1,0,0,9.5,9.5,0.18868916113046752,38,0,134,230,332,5445,61628,0,0
8000038,10,square_crossing,38,6861dded9f853a5f,IID,ok,reach_goal,1,0,0,9.5,9.5,0.16841328739929007,38,0,129,227,322,5586,62563,0,0
8000038,10,square_crossing,38,6861dded9f853a5f,FULL,ok,reach_goal,1,0,0,9.5,9.5,0.16943852147878025,38,0,135,229,322,5607,62660,0,0
8000038,10,square_crossing,38,6861dded9f853a5f,O,ok,reach_goal,1,0,0,9.5,9.5,0.21931203202576632,38,0,0,228,332,0,0,0,0
8000038,10,square_crossing,38,6861dded9f853a5f,CV,ok,reach_goal,1,0,0,9.5,9.5,0.1898182406547071,38,0,131,226,322,4705,60310,0,0
8000039,10,square_crossing,39,ecd369e85acf99ae,MAP,ok,reach_goal,1,0,0,8.75,8.75,0.2704582294628376,35,0,121,206,285,8619,46367,0,0
8000039,10,square_crossing,39,ecd369e85acf99ae,IID,ok,reach_goal,1,0,0,8.75,8.75,0.20774278914795463,35,0,117,206,288,8053,46514,0,0
8000039,10,square_crossing,39,ecd369e85acf99ae,FULL,ok,reach_goal,1,0,0,8.75,8.75,0.23041629276454767,35,0,127,206,286,7751,46339,0,0
8000039,10,square_crossing,39,ecd369e85acf99ae,O,ok,reach_goal,1,0,0,8.75,8.75,0.26705483962953447,35,0,0,207,286,0,0,0,0
8000039,10,square_crossing,39,ecd369e85acf99ae,CV,ok,reach_goal,1,0,0,8.75,8.75,0.25331279775496907,35,0,124,207,287,7852,46966,0,0
8000039,10,square_crossing,39,ecd369e85acf99ae,TREE,ok,reach_goal,1,0,0,8.75,8.75,0.20585520911936928,35,0,131,204,287,7748,45482,0,0
8000040,20,circle_crossing,40,f7ac3bfc24943975,IID,ok,reach_goal,1,0,0,13.0,13.0,0.1529673391909906,52,0,186,403,830,15962,67318,0,0
8000040,20,circle_crossing,40,f7ac3bfc24943975,FULL,ok,reach_goal,1,0,0,13.0,13.0,0.1633798105190264,52,0,177,396,825,16006,67160,0,0
8000040,20,circle_crossing,40,f7ac3bfc24943975,O,ok,reach_goal,1,0,0,13.25,13.25,0.13024571634706428,53,0,0,413,843,0,0,0,0
8000040,20,circle_crossing,40,f7ac3bfc24943975,CV,ok,reach_goal,1,0,0,15.75,15.75,0.11400613992347874,63,0,203,444,1016,18060,73598,0,4
8000040,20,circle_crossing,40,f7ac3bfc24943975,TREE,ok,reach_goal,1,0,0,18.25,18.25,0.18067705369753995,73,0,251,484,1231,16323,79175,0,18
8000040,20,circle_crossing,40,f7ac3bfc24943975,MAP,ok,reach_goal,1,0,0,13.5,13.5,0.12971276783689734,54,0,189,415,866,16353,70093,0,0
8000045,20,circle_crossing,45,32ed338b6ba1c422,MAP,ok,reach_goal,1,0,0,11.0,11.0,0.14014808917994948,44,0,152,319,654,5091,54592,0,0
8000045,20,circle_crossing,45,32ed338b6ba1c422,IID,ok,reach_goal,1,0,0,11.25,11.25,0.13368796437212171,45,0,166,334,695,5489,54865,0,0
8000045,20,circle_crossing,45,32ed338b6ba1c422,FULL,ok,reach_goal,1,0,0,11.0,11.0,0.12988838102405276,44,0,166,320,636,5383,54105,0,0
8000045,20,circle_crossing,45,32ed338b6ba1c422,O,ok,reach_goal,1,0,0,11.25,11.25,0.12199302153267944,45,0,0,331,692,0,0,0,0
8000045,20,circle_crossing,45,32ed338b6ba1c422,CV,ok,reach_goal,1,0,0,11.0,11.0,0.13165179839784968,44,0,155,321,656,6261,55015,0,0
8000045,20,circle_crossing,45,32ed338b6ba1c422,TREE,ok,reach_goal,1,0,0,11.0,11.0,0.16652270261756907,44,0,168,323,655,5154,53478,0,0
8000041,20,circle_crossing,41,c0bd69847a48530a,FULL,ok,reach_goal,1,0,0,13.25,13.25,0.14278788958705146,53,0,243,475,890,16564,77072,0,0
8000041,20,circle_crossing,41,c0bd69847a48530a,O,ok,reach_goal,1,0,0,13.25,13.25,0.11782362027770521,53,0,0,475,848,0,0,0,0
8000041,20,circle_crossing,41,c0bd69847a48530a,CV,ok,reach_goal,1,0,0,13.5,13.5,0.14951258756848973,54,0,259,480,865,15893,80935,0,0
8000041,20,circle_crossing,41,c0bd69847a48530a,TREE,ok,reach_goal,1,0,0,13.25,13.25,0.14899267423575102,53,0,255,462,854,15156,76287,0,0
8000041,20,circle_crossing,41,c0bd69847a48530a,MAP,ok,reach_goal,1,0,0,13.25,13.25,0.14721304828051596,53,0,251,469,918,18116,76183,0,0
8000041,20,circle_crossing,41,c0bd69847a48530a,IID,ok,reach_goal,1,0,0,13.25,13.25,0.1499637206692086,53,0,239,470,861,16792,78436,0,0
8000043,20,circle_crossing,43,32663871cfe97564,CV,ok,reach_goal,1,0,0,13.25,13.25,0.1551790856762717,53,0,216,414,787,11518,73220,0,0
8000043,20,circle_crossing,43,32663871cfe97564,TREE,ok,reach_goal,1,0,0,13.25,13.25,0.07428070065747017,53,0,239,451,891,9113,53494,0,0
8000043,20,circle_crossing,43,32663871cfe97564,MAP,ok,reach_goal,1,0,0,13.0,13.0,0.07222969943384983,52,0,247,459,883,11101,53977,0,0
8000043,20,circle_crossing,43,32663871cfe97564,IID,ok,reach_goal,1,0,0,13.5,13.5,0.08251543098620306,54,0,262,472,888,14121,57125,0,0
8000043,20,circle_crossing,43,32663871cfe97564,FULL,ok,reach_goal,1,0,0,13.0,13.0,0.07520967931073874,52,0,228,454,880,7400,52237,0,0
8000043,20,circle_crossing,43,32663871cfe97564,O,ok,reach_goal,1,0,0,13.25,13.25,0.10158740298831326,53,0,0,435,882,0,0,0,0
8000042,20,circle_crossing,42,4a2ff2ed4d25cbae,O,ok,reach_goal,1,0,0,16.75,16.75,0.10827171454750151,67,0,0,616,1168,0,0,0,0
8000042,20,circle_crossing,42,4a2ff2ed4d25cbae,CV,ok,collision,0,1,0,25.0,11.5,-0.03803089459166176,46,0,204,388,788,11339,49387,0,0
8000042,20,circle_crossing,42,4a2ff2ed4d25cbae,TREE,ok,reach_goal,1,0,0,14.5,14.5,0.15778427699874187,58,0,331,614,1005,21368,86073,0,0
8000042,20,circle_crossing,42,4a2ff2ed4d25cbae,MAP,ok,reach_goal,1,0,0,15.5,15.5,0.10524676359706653,62,0,361,636,1060,20348,97734,0,0
8000042,20,circle_crossing,42,4a2ff2ed4d25cbae,IID,ok,reach_goal,1,0,0,14.5,14.5,0.1736028529704815,58,0,345,603,997,22561,89060,0,3
8000042,20,circle_crossing,42,4a2ff2ed4d25cbae,FULL,ok,reach_goal,1,0,0,14.5,14.5,0.1597329881152385,58,0,350,596,996,20502,87649,0,3
8000044,20,circle_crossing,44,db505e3d278a9235,TREE,ok,reach_goal,1,0,0,17.5,17.5,0.1206661596630576,70,0,401,669,1269,26187,86095,0,0
8000044,20,circle_crossing,44,db505e3d278a9235,MAP,ok,reach_goal,1,0,0,18.5,18.5,0.16809277635434883,74,1,423,692,1298,31140,100641,0,0
8000044,20,circle_crossing,44,db505e3d278a9235,IID,ok,reach_goal,1,0,0,17.0,17.0,0.10862055099784351,68,1,366,637,1186,27975,91972,0,0
8000044,20,circle_crossing,44,db505e3d278a9235,FULL,ok,reach_goal,1,0,0,17.0,17.0,0.10862055099784351,68,0,387,655,1197,28032,92258,0,0
8000044,20,circle_crossing,44,db505e3d278a9235,O,ok,reach_goal,1,0,0,22.5,22.5,0.12639056580567332,90,0,0,855,1616,0,0,0,0
8000044,20,circle_crossing,44,db505e3d278a9235,CV,ok,reach_goal,1,0,0,19.0,19.0,0.13077994167140572,76,0,455,731,1357,31630,98169,0,0
8000049,20,circle_crossing,49,8027a3baa5d0a2e2,CV,ok,reach_goal,1,0,0,11.0,11.0,0.13020410224591472,44,0,147,329,704,11027,61258,0,0
8000049,20,circle_crossing,49,8027a3baa5d0a2e2,TREE,ok,reach_goal,1,0,0,10.75,10.75,0.1374005569552016,43,0,152,308,642,9006,62572,0,0
8000049,20,circle_crossing,49,8027a3baa5d0a2e2,MAP,ok,reach_goal,1,0,0,10.75,10.75,0.16748303810269427,43,0,145,306,643,9051,62650,0,0
8000049,20,circle_crossing,49,8027a3baa5d0a2e2,IID,ok,reach_goal,1,0,0,11.0,11.0,0.1396690094501538,44,0,152,323,665,8811,60633,0,0
8000049,20,circle_crossing,49,8027a3baa5d0a2e2,FULL,ok,reach_goal,1,0,0,11.25,11.25,0.12839591322492616,45,0,146,320,707,8920,57414,0,0
8000049,20,circle_crossing,49,8027a3baa5d0a2e2,O,ok,reach_goal,1,0,0,10.75,10.75,0.10802653111245641,43,0,0,315,665,0,0,0,0
8000048,20,circle_crossing,48,d06eb73c08cb9867,O,ok,reach_goal,1,0,0,16.5,16.5,0.10879414124450626,66,1,0,525,1037,0,0,0,0
8000048,20,circle_crossing,48,d06eb73c08cb9867,CV,ok,reach_goal,1,0,0,15.5,15.5,0.10879414124450626,62,0,256,512,985,14425,76398,0,0
8000048,20,circle_crossing,48,d06eb73c08cb9867,TREE,ok,reach_goal,1,0,0,14.0,14.0,0.08090694047431046,56,0,228,477,910,18051,78985,0,0
8000048,20,circle_crossing,48,d06eb73c08cb9867,MAP,ok,reach_goal,1,0,0,14.0,14.0,0.10879414124450626,56,0,198,432,864,16044,71030,0,0
8000048,20,circle_crossing,48,d06eb73c08cb9867,IID,ok,reach_goal,1,0,0,14.5,14.5,0.1029067341294736,58,0,243,485,931,17045,77240,0,0
8000048,20,circle_crossing,48,d06eb73c08cb9867,FULL,ok,reach_goal,1,0,0,14.0,14.0,0.10190259450803407,56,0,235,466,894,17265,73064,0,0
8000046,20,circle_crossing,46,03fb653d99e43693,IID,ok,reach_goal,1,0,0,16.5,16.5,0.15308275828358053,66,0,349,623,1189,26996,95768,0,0
8000046,20,circle_crossing,46,03fb653d99e43693,FULL,ok,reach_goal,1,0,0,18.5,18.5,0.09728205986658844,74,0,445,741,1269,24440,100602,0,0
8000046,20,circle_crossing,46,03fb653d99e43693,O,ok,reach_goal,1,0,0,15.75,15.75,0.07489169593050504,63,0,0,626,1085,0,0,0,0
8000046,20,circle_crossing,46,03fb653d99e43693,CV,ok,reach_goal,1,0,0,16.75,16.75,0.2032842590719277,67,0,403,658,1134,23538,94782,0,0
8000046,20,circle_crossing,46,03fb653d99e43693,TREE,ok,reach_goal,1,0,0,15.5,15.5,0.16225769343381646,62,1,303,611,1050,21712,82721,0,0
8000046,20,circle_crossing,46,03fb653d99e43693,MAP,ok,reach_goal,1,0,0,16.75,16.75,0.07027093264206974,67,0,317,594,1183,24634,87242,0,0
8000050,20,square_crossing,50,fb17154f589c586b,TREE,ok,reach_goal,1,0,0,11.5,11.5,0.1838117305876208,46,0,273,451,688,11663,56804,0,0
8000050,20,square_crossing,50,fb17154f589c586b,MAP,ok,reach_goal,1,0,0,13.0,13.0,0.1437484508778467,52,1,290,498,821,13245,64739,0,0
8000050,20,square_crossing,50,fb17154f589c586b,IID,ok,reach_goal,1,0,0,11.75,11.75,0.1411148405276046,47,0,269,460,756,11076,57455,0,0
8000050,20,square_crossing,50,fb17154f589c586b,FULL,ok,reach_goal,1,0,0,18.0,18.0,0.10053649120628383,72,0,478,756,1227,16694,86699,0,0
8000050,20,square_crossing,50,fb17154f589c586b,O,ok,reach_goal,1,0,0,12.75,12.75,0.12168829855473906,51,0,0,493,807,0,0,0,0
8000050,20,square_crossing,50,fb17154f589c586b,CV,ok,reach_goal,1,0,0,11.5,11.5,0.17673573092037964,46,0,264,449,699,10546,55014,0,0
8000047,20,circle_crossing,47,b57fc74c5466c07c,FULL,ok,reach_goal,1,0,0,18.75,18.75,0.10058343549679527,75,0,429,684,1302,18723,106480,0,0
8000047,20,circle_crossing,47,b57fc74c5466c07c,O,ok,reach_goal,1,0,0,17.0,17.0,0.12667981817830787,68,0,0,599,1122,0,0,0,0
8000047,20,circle_crossing,47,b57fc74c5466c07c,CV,ok,reach_goal,1,0,0,14.5,14.5,0.14673840006549255,58,0,227,454,883,21654,88271,0,0
8000047,20,circle_crossing,47,b57fc74c5466c07c,TREE,ok,reach_goal,1,0,0,17.0,17.0,0.12852054945441416,68,0,352,604,1127,21562,98847,0,0
8000047,20,circle_crossing,47,b57fc74c5466c07c,MAP,ok,reach_goal,1,0,0,14.5,14.5,0.1400337491659347,58,0,224,460,887,20750,84949,0,0
8000047,20,circle_crossing,47,b57fc74c5466c07c,IID,ok,reach_goal,1,0,0,24.75,24.75,0.16071476302481857,99,0,381,636,1488,31824,122026,0,28
8000052,20,square_crossing,52,3e6d2d447b59dcd8,IID,ok,reach_goal,1,0,0,11.5,11.5,0.10522492970394759,46,0,263,479,798,8730,56202,0,0
8000052,20,square_crossing,52,3e6d2d447b59dcd8,FULL,ok,reach_goal,1,0,0,11.5,11.5,0.11971006522050631,46,0,274,482,795,8670,56406,0,0
8000052,20,square_crossing,52,3e6d2d447b59dcd8,O,ok,reach_goal,1,0,0,12.25,12.25,0.098724773297028,49,0,0,522,857,0,0,0,0
8000052,20,square_crossing,52,3e6d2d447b59dcd8,CV,ok,reach_goal,1,0,0,11.25,11.25,0.12480375244513675,45,0,252,469,774,10455,57755,0,0
8000052,20,square_crossing,52,3e6d2d447b59dcd8,TREE,ok,reach_goal,1,0,0,12.0,12.0,0.11928992691019269,48,0,275,508,832,10099,59247,0,0
8000052,20,square_crossing,52,3e6d2d447b59dcd8,MAP,ok,reach_goal,1,0,0,11.5,11.5,0.11198827397385791,46,1,257,488,793,9842,57091,0,0
8000051,20,square_crossing,51,a2e5463d7b455ad3,MAP,ok,reach_goal,1,0,0,14.0,14.0,0.053280935479276925,56,0,258,449,801,16403,84390,0,0
8000051,20,square_crossing,51,a2e5463d7b455ad3,IID,ok,reach_goal,1,0,0,16.0,16.0,0.13947065190804486,64,0,261,451,910,16431,90078,0,0
8000051,20,square_crossing,51,a2e5463d7b455ad3,FULL,ok,reach_goal,1,0,0,16.0,16.0,0.13947065190804486,64,0,261,451,910,16417,90082,0,0
8000051,20,square_crossing,51,a2e5463d7b455ad3,O,ok,reach_goal,1,0,0,16.75,16.75,0.13046773506168874,67,0,0,455,965,0,0,0,0
8000051,20,square_crossing,51,a2e5463d7b455ad3,CV,ok,reach_goal,1,0,0,16.75,16.75,0.1248462289592559,67,0,261,453,939,15700,89712,0,0
8000051,20,square_crossing,51,a2e5463d7b455ad3,TREE,ok,reach_goal,1,0,0,16.5,16.5,0.18839537955796293,66,0,258,448,917,16127,90275,0,0
8000054,20,square_crossing,54,01b8804748e3b8d3,O,ok,reach_goal,1,0,0,9.75,9.75,0.10559255810556734,39,0,0,424,599,0,0,0,0
8000054,20,square_crossing,54,01b8804748e3b8d3,CV,ok,reach_goal,1,0,0,9.75,9.75,0.13742033645451068,39,0,235,427,608,7777,63575,0,0
8000054,20,square_crossing,54,01b8804748e3b8d3,TREE,ok,reach_goal,1,0,0,9.75,9.75,0.13672131656227793,39,0,228,421,609,7622,63248,0,0
8000054,20,square_crossing,54,01b8804748e3b8d3,MAP,ok,reach_goal,1,0,0,9.75,9.75,0.11732573914016575,39,0,226,423,608,6694,61313,0,0
8000054,20,square_crossing,54,01b8804748e3b8d3,IID,ok,reach_goal,1,0,0,9.75,9.75,0.12061515874182815,39,0,219,414,607,6795,61628,0,0
8000054,20,square_crossing,54,01b8804748e3b8d3,FULL,ok,reach_goal,1,0,0,10.0,10.0,0.14450655048812322,40,0,239,436,628,7042,63431,0,0
8000053,20,square_crossing,53,591329238db008f2,FULL,ok,reach_goal,1,0,0,12.5,12.5,0.15790725754541712,50,0,281,531,902,10859,67129,0,0
8000053,20,square_crossing,53,591329238db008f2,O,ok,reach_goal,1,0,0,12.75,12.75,0.12878815564690815,51,0,0,555,911,0,0,0,0
8000053,20,square_crossing,53,591329238db008f2,CV,ok,reach_goal,1,0,0,15.75,15.75,0.1164042028946235,63,0,377,657,1144,12981,84384,0,0
8000053,20,square_crossing,53,591329238db008f2,TREE,ok,reach_goal,1,0,0,12.5,12.5,0.15286220973249842,50,0,269,527,889,11174,67557,0,0
8000053,20,square_crossing,53,591329238db008f2,MAP,ok,reach_goal,1,0,0,12.25,12.25,0.14443747670011708,49,0,259,515,864,11160,66459,0,0
8000053,20,square_crossing,53,591329238db008f2,IID,ok,reach_goal,1,0,0,12.5,12.5,0.15511525802836124,50,0,271,540,902,10346,66115,0,0
8000056,20,square_crossing,56,d2b086b4216a13a1,TREE,ok,reach_goal,1,0,0,11.5,11.5,0.14424886169598639,46,0,242,417,731,12582,63256,0,0
8000056,20,square_crossing,56,d2b086b4216a13a1,MAP,ok,reach_goal,1,0,0,14.25,14.25,0.11322569029518892,57,0,333,528,869,5749,77653,0,0
8000056,20,square_crossing,56,d2b086b4216a13a1,IID,ok,reach_goal,1,0,0,10.75,10.75,0.1717441015738126,43,0,231,420,652,8935,55614,0,0
8000056,20,square_crossing,56,d2b086b4216a13a1,FULL,ok,reach_goal,1,0,0,13.75,13.75,0.10238261114689984,55,0,349,565,907,9377,73299,0,0
8000056,20,square_crossing,56,d2b086b4216a13a1,O,ok,reach_goal,1,0,0,11.5,11.5,0.13273271114622864,46,0,0,424,735,0,0,0,0
8000056,20,square_crossing,56,d2b086b4216a13a1,CV,ok,reach_goal,1,0,0,11.25,11.25,0.1348248424336974,45,0,217,408,712,12107,62738,0,0
8000055,20,square_crossing,55,47f54e1f06ea30ee,CV,ok,reach_goal,1,0,0,20.0,20.0,0.12658282333589732,80,0,465,703,1322,18584,99602,0,0
8000055,20,square_crossing,55,47f54e1f06ea30ee,TREE,ok,reach_goal,1,0,0,14.0,14.0,0.10745578511863152,56,0,307,547,937,10589,75478,0,0
8000055,20,square_crossing,55,47f54e1f06ea30ee,MAP,ok,reach_goal,1,0,0,11.75,11.75,0.12075433174602457,47,0,236,447,770,7962,60394,0,0
8000055,20,square_crossing,55,47f54e1f06ea30ee,IID,ok,reach_goal,1,0,0,12.25,12.25,0.13265864958971663,49,0,255,466,809,8666,57022,0,0
8000055,20,square_crossing,55,47f54e1f06ea30ee,FULL,ok,reach_goal,1,0,0,12.25,12.25,0.1164667944699832,49,0,250,464,808,8793,55506,0,0
8000055,20,square_crossing,55,47f54e1f06ea30ee,O,ok,reach_goal,1,0,0,19.0,19.0,0.13439323011119608,76,0,0,658,1275,0,0,0,0
8000057,20,square_crossing,57,049949d0a0042466,MAP,ok,reach_goal,1,0,0,10.75,10.75,0.10734114071756451,43,0,198,386,669,2689,43783,0,0
8000057,20,square_crossing,57,049949d0a0042466,IID,ok,reach_goal,1,0,0,13.5,13.5,0.11951945347149528,54,0,330,565,893,11406,62880,0,0
8000057,20,square_crossing,57,049949d0a0042466,FULL,ok,reach_goal,1,0,0,12.0,12.0,0.11703487003434399,48,0,257,488,796,4944,53117,0,0
8000057,20,square_crossing,57,049949d0a0042466,O,ok,reach_goal,1,0,0,10.25,10.25,0.1190695178775194,41,0,0,392,646,0,0,0,0
8000057,20,square_crossing,57,049949d0a0042466,CV,ok,reach_goal,1,0,0,11.25,11.25,0.1134490054313324,45,0,227,449,740,7390,55260,0,0
8000057,20,square_crossing,57,049949d0a0042466,TREE,ok,reach_goal,1,0,0,11.0,11.0,0.09920042175849353,44,0,215,435,714,7039,52926,0,0
8000059,20,square_crossing,59,7fc6cfddd061dde3,FULL,ok,collision,0,1,0,25.0,5.25,-0.004298238323888093,21,0,127,255,335,1521,6664,0,0
8000059,20,square_crossing,59,7fc6cfddd061dde3,O,ok,reach_goal,1,0,0,13.0,13.0,0.049287898667267904,52,0,0,588,898,0,0,0,0
8000059,20,square_crossing,59,7fc6cfddd061dde3,CV,ok,reach_goal,1,0,0,13.0,13.0,0.03206297466298047,52,0,353,600,901,11061,64227,0,0
8000059,20,square_crossing,59,7fc6cfddd061dde3,TREE,ok,reach_goal,1,0,0,13.25,13.25,0.04319238327902253,53,0,356,591,980,7652,64674,0,0
8000059,20,square_crossing,59,7fc6cfddd061dde3,MAP,ok,reach_goal,1,0,0,13.25,13.25,0.07032461787527033,53,0,362,612,932,7167,61830,0,0
8000059,20,square_crossing,59,7fc6cfddd061dde3,IID,ok,collision,0,1,0,25.0,5.0,-0.01559632879450068,20,0,110,242,313,1521,6664,0,0
8000058,20,square_crossing,58,b18b89bd65ae26ce,IID,ok,reach_goal,1,0,0,11.5,11.5,0.17967472139777685,46,0,251,426,712,10734,67203,0,0
8000058,20,square_crossing,58,b18b89bd65ae26ce,FULL,ok,reach_goal,1,0,0,15.5,15.5,0.11793339923799473,62,0,342,619,1016,18586,85593,0,0
8000058,20,square_crossing,58,b18b89bd65ae26ce,O,ok,reach_goal,1,0,0,11.75,11.75,0.1336478690704025,47,0,0,437,748,0,0,0,0
8000058,20,square_crossing,58,b18b89bd65ae26ce,CV,ok,reach_goal,1,0,0,15.5,15.5,0.049601228204458114,62,0,309,632,1037,18011,81077,0,0
8000058,20,square_crossing,58,b18b89bd65ae26ce,TREE,ok,reach_goal,1,0,0,15.5,15.5,0.048896520567398793,62,0,344,642,1034,21823,83535,0,0
8000058,20,square_crossing,58,b18b89bd65ae26ce,MAP,ok,reach_goal,1,0,0,11.5,11.5,0.1615651499773284,46,0,237,431,727,8793,64303,0,0
